{
    "head_pose": {
        "roll": 6.641480589570112,
        "pitch": -1.0550592072961542,
        "yaw": -175.6431246125541
    },
    "gaze_vector": {
        "x_g": 0.9981709969055466,
        "y_g": 0.060453791746981976
    }
}